TransactionID,TransactionDT,card1,DeviceInfo,isFraud,TransactionAmt,tx_count_5m_per_card,high_risk_tx_5m_per_card,distinct_cards_5m_per_device,addr_mismatch_streak_per_card,rapid_tx_streak_per_card,distinct_devices_1h_per_card,amount_sum_5m_per_card
2987000,86400,13926,,0,68.5,1,1.0,,1,1,0.0,68.5
2987001,86401,2755,,0,29.0,1,0.0,,0,1,0.0,29.0
2987002,86469,4663,,0,59.0,1,1.0,,1,1,0.0,59.0
2987003,86499,18132,,0,50.0,1,1.0,,1,1,0.0,50.0
2987004,86506,4497,SAMSUNG SM-G892A Build/NRD90M,0,50.0,1,0.0,1.0,0,1,1.0,50.0
2987005,86510,5937,,0,49.0,1,1.0,,1,1,0.0,49.0
2987006,86522,12308,,0,159.0,1,1.0,,1,1,0.0,159.0
2987007,86529,12695,,0,422.5,1,1.0,,1,1,0.0,422.5
2987008,86535,2803,iOS Device,0,15.0,1,0.0,1.0,0,1,1.0,15.0
2987009,86536,17399,,0,117.0,1,0.0,,0,1,0.0,117.0
2987010,86549,16496,Windows,0,75.887,1,0.0,1.0,0,1,1.0,75.887
2987011,86555,4461,,0,16.495,1,0.0,,0,1,0.0,16.495
2987012,86564,3786,,0,50.0,1,1.0,,1,1,0.0,50.0
2987013,86585,12866,,0,40.0,1,1.0,,1,1,0.0,40.0
2987014,86596,11839,,0,10.5,1,1.0,,1,1,0.0,10.5
2987015,86618,7055,,0,57.95,1,1.0,,1,1,0.0,57.95
2987016,86620,1790,MacOS,0,30.0,1,0.0,1.0,0,1,1.0,30.0
2987017,86668,11492,Windows,0,100.0,1,0.0,2.0,0,1,1.0,100.0
2987018,86725,4663,,0,47.95,2,2.0,,2,1,0.0,106.95
2987019,86730,7005,,0,186.0,1,1.0,,1,1,0.0,186.0
2987020,86761,7875,,0,39.0,1,1.0,,1,1,0.0,39.0
2987021,86769,11401,,0,159.95,1,1.0,,1,1,0.0,159.95
2987022,86786,1724,,0,50.0,1,0.0,,0,1,0.0,50.0
2987023,86808,2392,,0,107.95,1,1.0,,1,1,0.0,107.95
2987024,86821,10112,,0,73.95,1,1.0,,1,1,0.0,73.95
2987025,86944,15385,,0,107.95,1,1.0,,1,1,0.0,107.95
2987026,86945,17868,,0,184.0,1,1.0,,1,1,0.0,184.0
2987027,86972,11307,,0,47.95,1,1.0,,1,1,0.0,47.95
2987028,86973,8431,,0,20.0,1,1.0,,1,1,0.0,20.0
2987029,86979,12932,,0,36.99,1,1.0,,1,1,0.0,36.99
2987030,86994,13276,,0,35.0,1,1.0,,1,1,0.0,35.0
2987031,86998,6573,,0,363.89,1,0.0,,0,1,0.0,363.89
2987032,87008,7835,,0,200.0,1,0.0,,0,1,0.0,200.0
2987033,87078,8613,,0,40.0,1,1.0,,1,1,0.0,40.0
2987034,87135,17359,,0,107.95,1,0.0,,0,1,0.0,107.95
2987035,87140,9766,,0,107.95,1,1.0,,1,1,0.0,107.95
2987036,87149,4806,,0,77.0,1,1.0,,1,1,0.0,77.0
2987037,87161,13249,,0,21.95,1,0.0,,0,1,0.0,21.95
2987038,87172,5463,,0,25.0,1,0.0,,0,1,0.0,25.0
2987039,87202,12598,,0,39.95,1,0.0,,0,1,0.0,39.95
2987040,87209,13329,Windows,0,75.887,1,0.0,1.0,0,1,1.0,75.887
2987041,87220,9002,,0,774.0,1,1.0,,1,1,0.0,774.0
2987042,87233,13085,,0,117.0,1,1.0,,1,1,0.0,117.0
2987043,87248,10776,,0,49.0,1,1.0,,1,1,0.0,49.0
2987044,87266,9281,,0,39.5,1,1.0,,1,1,0.0,39.5
2987045,87275,16132,,0,36.95,1,1.0,,1,1,0.0,36.95
2987046,87285,12544,,0,49.0,1,1.0,,1,1,0.0,49.0
2987047,87285,4208,,0,15.0,1,1.0,,1,1,0.0,15.0
2987048,87317,15885,Windows,0,42.294,1,1.0,2.0,1,1,1.0,42.294
2987049,87317,12730,Windows,0,3.595,1,1.0,3.0,1,1,1.0,3.595
2987050,87319,10045,,0,117.0,1,1.0,,1,1,0.0,117.0
2987051,87328,7835,,0,226.0,1,0.0,,0,1,0.0,226.0
2987052,87333,7826,,0,117.0,1,1.0,,1,1,0.0,117.0
2987053,87349,18018,,0,130.95,1,0.0,,0,1,0.0,130.95
2987054,87401,18370,,0,34.0,1,0.0,,0,1,0.0,34.0
2987055,87413,3670,,0,210.95,1,1.0,,1,1,0.0,210.95
2987056,87440,1955,,0,500.0,1,1.0,,1,1,0.0,500.0
2987057,87445,11839,SM-G930V Build/NRD90M,0,50.0,1,0.0,1.0,0,1,1.0,50.0
2987058,87532,16659,,0,380.21,1,0.0,,0,1,0.0,380.21
2987059,87557,9785,,0,35.95,1,1.0,,1,1,0.0,35.95
2987060,87581,2213,,0,2454.0,1,0.0,,0,1,0.0,2454.0
2987061,87596,12544,,0,58.95,1,0.0,,0,1,0.0,58.95
2987062,87601,18132,,0,200.0,1,0.0,,0,1,0.0,200.0
2987063,87604,17967,,0,80.0,1,1.0,,1,1,0.0,80.0
2987064,87611,3278,,0,250.0,1,1.0,,1,1,0.0,250.0
2987065,87650,17188,,0,114.95,1,0.0,,0,1,0.0,114.95
2987066,87660,15333,Windows,0,300.0,1,0.0,1.0,0,1,1.0,300.0
2987067,87664,1240,,0,445.0,1,1.0,,1,1,0.0,445.0
2987068,87667,14076,,0,3.081,1,0.0,,0,1,0.0,3.081
2987069,87725,12866,,0,20.0,1,0.0,,0,1,0.0,20.0
2987070,87735,3682,iOS Device,0,100.0,1,0.0,1.0,0,1,1.0,100.0
2987071,87736,1662,,0,59.0,1,1.0,,1,1,0.0,59.0
2987072,87752,13832,BLADE A602 Build/MRA58K,0,6.767,1,1.0,1.0,1,1,1.0,6.767
2987073,87759,1955,,0,554.0,1,1.0,,2,1,0.0,554.0
2987074,87775,15885,Windows,0,27.793,1,1.0,2.0,2,1,1.0,27.792999999999992
2987075,87779,4806,,0,68.5,1,1.0,,2,1,0.0,68.5
2987076,87787,18132,,0,36.95,2,1.0,,1,1,0.0,236.95
2987077,87793,3278,,0,280.0,2,2.0,,2,1,0.0,530.0
2987078,87825,14858,,0,300.0,1,1.0,,1,1,0.0,300.0
2987079,87839,4504,,0,28.699,1,1.0,,1,1,0.0,28.699
2987080,87856,7207,,0,60.0,1,1.0,,1,1,0.0,60.0
2987081,87868,17188,,0,104.95,2,0.0,,0,1,0.0,219.9
2987082,87899,15066,,0,280.0,1,1.0,,1,1,0.0,280.0
2987083,87924,14695,,0,411.95,1,0.0,,0,1,0.0,411.95
2987084,87928,5583,Windows,0,125.674,1,0.0,3.0,0,1,1.0,125.674
2987085,87935,15885,,0,42.596,2,2.0,,3,1,1.0,70.38899999999998
2987086,87950,11815,,0,44.5,1,1.0,,1,1,0.0,44.5
2987087,88004,1549,,0,88.95,1,1.0,,1,1,0.0,88.95
2987088,88021,18095,,0,140.0,1,0.0,,0,1,0.0,140.0
2987089,88042,17188,,0,318.95,2,0.0,,0,1,0.0,423.90000000000003
2987090,88046,15885,,0,77.821,3,3.0,,4,1,1.0,148.20999999999998
2987091,88053,14165,,0,107.0,1,1.0,,1,1,0.0,107.0
2987092,88054,6481,,0,117.0,1,1.0,,1,1,0.0,117.0
2987093,88070,5220,Windows,0,50.0,1,0.0,3.0,0,1,1.0,50.0
2987094,88107,5409,,0,527.0,1,1.0,,1,1,0.0,527.0
2987095,88120,2538,,0,59.0,1,1.0,,1,1,0.0,59.0
2987096,88131,15121,,0,108.5,1,1.0,,1,1,0.0,108.5
2987097,88147,2581,,0,21.5,1,1.0,,1,1,0.0,21.5
2987098,88149,6459,,0,159.0,1,1.0,,1,1,0.0,159.0
2987099,88162,1214,iOS Device,0,75.0,1,0.0,1.0,0,1,1.0,75.0
2987100,88169,16659,SM-G930V Build/NRD90M,0,100.0,1,0.0,1.0,0,1,1.0,100.0
2987101,88174,4523,MacOS,0,25.0,1,0.0,1.0,0,1,1.0,25.0
2987102,88178,4186,,0,42.95,1,1.0,,1,1,0.0,42.95
2987103,88184,18370,,0,47.95,1,1.0,,1,1,0.0,47.95
2987104,88208,16659,SM-G930V Build/NRD90M,0,100.0,2,0.0,1.0,0,2,1.0,200.0
2987105,88229,15885,XT1635-02 Build/NPN26.118-22-2,0,5.075,3,3.0,1.0,5,1,2.0,125.49199999999996
2987106,88230,12733,,0,92.0,1,1.0,,1,1,0.0,92.0
2987107,88258,9500,,0,226.0,1,0.0,,0,1,0.0,226.0
2987108,88303,9515,,0,150.0,1,0.0,,0,1,0.0,150.0
2987109,88346,2704,,0,107.95,1,1.0,,1,1,0.0,107.95
2987110,88380,1214,,0,1153.95,2,0.0,,0,1,1.0,1228.95
2987111,88383,13832,Windows,0,18.186,1,0.0,1.0,0,1,2.0,18.186
2987112,88394,15497,,0,210.95,1,0.0,,0,1,0.0,210.95
2987113,88404,15885,,0,11.782,2,2.0,,6,1,2.0,16.85699999999997
2987114,88404,12184,Windows,0,4.433,1,1.0,2.0,1,1,1.0,4.433
2987115,88410,11465,,0,75.0,1,1.0,,1,1,0.0,75.0
2987116,88435,10520,,0,34.0,1,0.0,,0,1,0.0,34.0
2987117,88440,9803,,0,200.0,1,1.0,,1,1,0.0,200.0
2987118,88471,15885,,0,11.782,3,3.0,,7,1,2.0,28.63899999999997
2987119,88484,2456,MacOS,0,100.0,1,0.0,1.0,0,1,1.0,100.0
2987120,88507,9749,,0,59.0,1,1.0,,1,1,0.0,59.0
2987121,88517,1804,MacOS,0,50.0,1,0.0,2.0,0,1,1.0,50.0
2987122,88538,9500,,0,80.0,2,0.0,,0,1,0.0,306.0
2987123,88549,6550,,0,59.0,1,1.0,,1,1,0.0,59.0
2987124,88554,12873,,0,58.95,1,0.0,,0,1,0.0,58.95
2987125,88556,1804,MacOS,0,50.0,2,0.0,2.0,0,2,1.0,100.0
2987126,88579,11279,,0,87.95,1,1.0,,1,1,0.0,87.95
2987127,88586,2704,,0,107.95,2,2.0,,2,1,0.0,215.9
2987128,88589,4106,,0,57.95,1,0.0,,0,1,0.0,57.95
2987129,88607,8394,,0,50.0,1,1.0,,1,1,0.0,50.0
2987130,88619,13329,Windows,0,70.933,1,0.0,3.0,0,1,1.0,70.93299999999999
2987131,88628,18227,,0,444.61,1,0.0,,0,1,0.0,444.61
2987132,88638,8684,,0,757.07,1,0.0,,0,1,0.0,757.07
2987133,88647,14349,,0,2594.95,1,0.0,,0,1,0.0,2594.95
2987134,88657,8406,,0,117.0,1,1.0,,1,1,0.0,117.0
2987135,88671,2616,,0,3000.0,1,1.0,,1,1,0.0,3000.0
2987136,88688,2392,,0,30.0,1,0.0,,0,1,0.0,29.999999999999986
2987137,88704,1675,,0,56.95,1,1.0,,1,1,0.0,56.95
2987138,88725,16075,Windows,0,100.0,1,0.0,2.0,0,1,1.0,100.0
2987139,88735,9026,,0,129.299,1,1.0,,1,1,0.0,129.299
2987140,88743,9992,,0,208.43,1,1.0,,1,1,0.0,208.43
2987141,88755,8194,MacOS,0,200.0,1,0.0,3.0,0,1,1.0,200.0
2987142,88777,15885,,0,23.806,1,1.0,,8,1,2.0,23.805999999999965
2987143,88778,1764,,0,100.0,1,0.0,,0,1,0.0,100.0
2987144,88803,8194,MacOS,0,200.0,2,0.0,2.0,0,2,1.0,400.0
2987145,88805,8260,iOS Device,0,100.0,1,0.0,1.0,0,1,1.0,100.0
2987146,88818,15885,,0,23.806,2,2.0,,9,2,2.0,47.611999999999966
2987147,88819,11279,,0,25.95,2,2.0,,2,1,0.0,113.9
2987148,88842,14858,iOS Device,0,30.0,1,0.0,2.0,0,1,1.0,30.0
2987149,88849,12873,,0,43.95,2,0.0,,0,1,0.0,102.9
2987150,88880,12695,,0,117.0,1,1.0,,2,1,0.0,117.0
2987151,88897,12577,,0,49.0,1,1.0,,1,1,0.0,49.0
2987152,88907,14349,,0,587.82,2,1.0,,1,1,0.0,3182.77
2987153,88910,14165,,0,29.0,1,1.0,,2,1,0.0,29.0
2987154,88912,14605,,0,35.95,1,1.0,,1,1,0.0,35.95
2987155,88943,6053,,0,479.95,1,1.0,,1,1,0.0,479.95
2987156,88965,3334,Windows,0,50.0,1,0.0,2.0,0,1,1.0,50.0
2987157,88997,14025,,0,30.0,1,1.0,,1,1,0.0,30.0
2987158,88997,10023,,0,171.0,1,0.0,,0,1,0.0,171.0
2987159,89072,17188,,0,92.95,1,1.0,,1,1,0.0,92.95000000000005
2987160,89075,8431,,0,29.0,1,1.0,,2,1,0.0,29.0
2987161,89085,9500,,0,107.95,1,0.0,,0,1,0.0,107.94999999999999
2987162,89095,15651,,0,100.0,1,1.0,,1,1,0.0,100.0
2987163,89103,17188,,0,973.95,2,2.0,,2,2,0.0,1066.9
2987164,89133,13641,,0,34.0,1,1.0,,1,1,0.0,34.0
2987165,89134,1974,,0,39.0,1,1.0,,1,1,0.0,39.0
2987166,89147,11919,,0,26.5,1,1.0,,1,1,0.0,26.5
2987167,89169,6019,Windows,0,100.0,1,0.0,2.0,0,1,1.0,100.0
2987168,89180,15497,,0,36.95,1,0.0,,0,1,0.0,36.94999999999999
2987169,89185,6951,,0,100.0,1,1.0,,1,1,0.0,100.0
2987170,89189,10989,,0,20.0,1,1.0,,1,1,0.0,20.0
2987171,89211,3570,,0,34.0,1,0.0,,0,1,0.0,34.0
2987172,89225,7063,,0,159.95,1,1.0,,1,1,0.0,159.95
2987173,89230,4436,iOS Device,0,25.0,1,0.0,1.0,0,1,1.0,25.0
2987174,89250,9500,,0,107.95,2,1.0,,1,1,0.0,215.89999999999998
2987175,89268,18227,,0,117.0,1,0.0,,0,1,0.0,117.0
2987176,89283,15066,,0,39.0,1,1.0,,2,1,0.0,39.0
2987177,89341,16132,,0,306.47,1,1.0,,2,1,0.0,306.47
2987178,89372,14290,,0,445.0,1,1.0,,1,1,0.0,445.0
2987179,89393,15497,,0,424.95,2,1.0,,1,1,0.0,461.9
2987180,89404,4348,,0,83.95,1,0.0,,0,1,0.0,83.95
2987181,89437,16632,,0,171.0,1,1.0,,1,1,0.0,171.0
2987182,89439,15497,,0,311.95,3,2.0,,2,2,0.0,773.8499999999999
2987183,89444,10047,Z970,0,200.0,1,0.0,1.0,0,1,1.0,200.0
2987184,89466,7508,,0,112.99,1,1.0,,1,1,0.0,112.99
2987185,89483,6209,,0,359.91,1,0.0,,0,1,0.0,359.91
2987186,89513,3278,,0,117.0,1,1.0,,3,1,0.0,117.0
2987187,89542,16930,,0,50.0,1,1.0,,1,1,0.0,50.0
2987188,89545,12866,,0,12.0,1,0.0,,0,1,0.0,12.0
2987189,89561,8755,Windows,0,57.399,1,0.0,1.0,0,1,1.0,57.399
2987190,89565,5458,,0,32.325,1,1.0,,1,1,0.0,32.325
2987191,89597,13886,,0,26.5,1,1.0,,1,1,0.0,26.5
2987192,89600,3154,Windows,0,5.982,1,1.0,2.0,1,1,1.0,5.982
2987193,89611,4504,,0,28.699,1,0.0,,0,1,0.0,28.699
2987194,89624,11556,,0,1486.44,1,1.0,,1,1,0.0,1486.44
2987195,89625,17400,,0,59.0,1,1.0,,1,1,0.0,59.0
2987196,89633,2115,Windows,0,8.641,1,0.0,3.0,0,1,1.0,8.641
2987197,89663,7826,iOS Device,0,66.0,1,0.0,1.0,0,1,1.0,66.0
2987198,89663,2884,iOS Device,0,15.0,1,0.0,2.0,0,1,1.0,15.0
2987199,89665,15885,,0,19.455,1,1.0,,10,1,2.0,19.454999999999966
2987200,89666,12577,,0,34.0,1,1.0,,2,1,0.0,34.0
2987201,89699,11106,,0,2547.46,1,1.0,,1,1,0.0,2547.46
2987202,89719,5254,,0,47.95,1,1.0,,1,1,0.0,47.95
2987203,89760,18268,,1,445.0,1,1.0,,1,1,0.0,445.0
2987204,89785,13366,,0,47.95,1,0.0,,0,1,0.0,47.95
2987205,89793,1085,,0,28.699,1,0.0,,0,1,0.0,28.699
2987206,89793,6621,,0,39.0,1,0.0,,0,1,0.0,39.0
2987207,89828,6019,iOS Device,0,25.0,1,0.0,3.0,0,1,2.0,25.0
2987208,89834,5433,,0,120.95,1,1.0,,1,1,0.0,120.95
2987209,89836,10876,Windows,0,21.993,1,0.0,4.0,0,1,1.0,21.993
2987210,89837,15451,,0,2948.95,1,1.0,,1,1,0.0,2948.95
2987211,89840,6019,SM-N920V Build/NRD90M,0,15.0,2,0.0,1.0,0,2,3.0,40.0
2987212,89844,2560,,0,117.0,1,1.0,,1,1,0.0,117.0
2987213,89867,6957,,0,499.95,1,1.0,,1,1,0.0,499.95
2987214,89878,5033,,0,99.0,1,1.0,,1,1,0.0,99.0
2987215,89886,9002,,0,209.95,1,1.0,,2,1,0.0,209.95000000000005
2987216,89916,10057,,0,100.0,1,0.0,,0,1,0.0,100.0
2987217,89924,14637,,0,15.0,1,1.0,,1,1,0.0,15.0
2987218,89930,12469,,0,117.0,1,1.0,,1,1,0.0,117.0
2987219,89931,10027,,0,50.0,1,1.0,,1,1,0.0,50.0
2987220,89940,14290,,0,49.0,1,1.0,,2,1,0.0,49.0
2987221,89941,12469,,0,68.5,2,2.0,,2,2,0.0,185.5
2987222,89942,6832,,0,590.4,1,1.0,,1,1,0.0,590.4
2987223,89948,2616,,0,54.0,1,1.0,,2,1,0.0,54.0
2987224,89966,16075,,0,67.95,1,1.0,,1,1,1.0,67.94999999999999
2987225,89969,9500,,0,43.0,1,1.0,,2,1,0.0,42.999999999999986
2987226,89989,6755,,0,39.0,1,1.0,,1,1,0.0,39.0
2987227,89990,11839,,0,1973.0,1,1.0,,1,1,1.0,1973.0
2987228,90014,7664,,0,75.0,1,0.0,,0,1,0.0,75.0
2987229,90034,18249,,0,49.0,1,1.0,,1,1,0.0,49.0
2987230,90084,6170,,0,107.95,1,1.0,,1,1,0.0,107.95
2987231,90085,4591,,0,474.95,1,1.0,,1,1,0.0,474.95
2987232,90098,14502,,0,25.95,1,0.0,,0,1,0.0,25.95
2987233,90110,5033,,0,116.0,2,2.0,,2,1,0.0,215.0
2987234,90111,16132,,0,150.5,1,1.0,,3,1,0.0,150.5
2987235,90147,13734,,0,50.0,1,0.0,,0,1,0.0,50.0
2987236,90149,10023,iOS Device,0,30.0,1,0.0,1.0,0,1,1.0,30.0
2987237,90156,14290,,0,200.0,2,1.0,,0,1,0.0,249.0
2987238,90163,17188,,0,226.0,1,1.0,,3,1,0.0,226.0
2987239,90178,10616,,0,171.0,1,0.0,,0,1,0.0,171.0
2987240,90193,13413,Redmi Note 4 Build/MMB29M,1,37.098,1,1.0,1.0,1,1,1.0,37.098
2987241,90232,5567,,0,250.0,1,1.0,,1,1,0.0,250.0
2987242,90244,2019,,0,24.95,1,0.0,,0,1,0.0,24.95
2987243,90246,13413,Redmi Note 4 Build/MMB29M,1,37.098,2,2.0,1.0,2,2,1.0,74.196
2987244,90294,9175,,0,15.0,1,1.0,,1,1,0.0,15.0
2987245,90295,13413,Redmi Note 4 Build/MMB29M,1,37.098,3,3.0,1.0,3,3,1.0,111.294
2987246,90299,17400,,0,50.0,1,1.0,,2,1,0.0,50.0
2987247,90308,15757,,0,58.95,1,1.0,,1,1,0.0,58.95
2987248,90325,11660,iOS Device,0,50.0,1,0.0,2.0,0,1,1.0,50.0
2987249,90327,12544,,0,78.95,1,0.0,,0,1,0.0,78.95
2987250,90332,7861,,0,289.95,1,0.0,,0,1,0.0,289.95
2987251,90365,10057,,0,100.0,1,0.0,,0,1,0.0,100.0
2987252,90366,2115,Windows,0,48.638,1,0.0,1.0,0,1,1.0,48.638
2987253,90370,4184,,0,200.0,1,0.0,,0,1,0.0,200.0
2987254,90392,17598,,0,54.5,1,0.0,,0,1,0.0,54.5
2987255,90440,9500,,0,54.0,1,1.0,,3,1,0.0,53.999999999999986
2987256,90441,9653,,0,108.95,1,0.0,,0,1,0.0,108.95
2987257,90445,18320,,0,2038.95,1,1.0,,1,1,0.0,2038.95
2987258,90478,2115,Windows,0,48.638,2,0.0,1.0,0,1,1.0,97.276
2987259,90480,16346,,0,42.596,1,1.0,,1,1,0.0,42.596
2987260,90487,10882,,0,34.5,1,1.0,,1,1,0.0,34.5
2987261,90492,10049,,0,59.0,1,1.0,,1,1,0.0,59.0
2987262,90504,9300,Windows,0,55.829,1,0.0,2.0,0,1,1.0,55.829
2987263,90515,15066,,0,385.78,1,1.0,,3,1,0.0,385.78
2987264,90525,1804,,0,48.95,1,1.0,,1,1,1.0,48.94999999999999
2987265,90581,17400,iOS Device,0,50.0,2,1.0,2.0,0,1,1.0,100.0
2987266,90581,4461,Windows,0,48.578,1,1.0,3.0,1,1,1.0,48.578
2987267,90593,12577,,0,29.0,1,1.0,,3,1,0.0,29.0
2987268,90608,12839,,0,30.95,1,0.0,,0,1,0.0,30.95
2987269,90610,4921,,0,25.0,1,1.0,,1,1,0.0,25.0
2987270,90630,17400,iOS Device,0,50.0,2,0.0,1.0,0,2,1.0,100.0
2987271,90635,9596,Windows,0,50.0,1,0.0,4.0,0,1,1.0,50.0
2987272,90652,11204,,0,25.0,1,0.0,,0,1,0.0,25.0
2987273,90655,15063,iOS Device,0,200.0,1,0.0,2.0,0,1,1.0,200.0
2987274,90715,10112,,0,222.0,1,1.0,,2,1,0.0,222.0
2987275,90723,1724,MacOS,0,25.0,1,0.0,1.0,0,1,1.0,25.0
2987276,90725,10486,,0,450.95,1,0.0,,0,1,0.0,450.95
2987277,90805,3821,,0,30.0,1,1.0,,1,1,0.0,30.0
2987278,90807,5433,,0,120.95,1,0.0,,0,1,0.0,120.95
2987279,90808,10023,,0,59.0,1,1.0,,1,1,1.0,59.0
2987280,90809,5653,,0,50.0,1,1.0,,1,1,0.0,50.0
2987281,90815,5017,Windows,0,30.0,1,0.0,3.0,0,1,1.0,30.0
2987282,90828,2884,,0,50.0,1,1.0,,1,1,1.0,50.0
2987283,90835,5345,,0,57.95,1,1.0,,1,1,0.0,57.95
2987284,90887,7698,Windows,0,18.73,1,0.0,3.0,0,1,1.0,18.73
2987285,90892,10520,,0,34.0,1,0.0,,0,1,0.0,34.0
2987286,90946,7585,,0,72.99,1,1.0,,1,1,0.0,72.99
2987287,90973,7794,,0,25.014,1,0.0,,0,1,0.0,25.014
2987288,90986,16578,,1,155.521,1,1.0,,1,1,0.0,155.521
2987289,91011,15268,,0,107.95,1,0.0,,0,1,0.0,107.95
2987290,91011,14280,,0,30.0,1,0.0,,0,1,0.0,30.0
2987291,91034,3090,,0,26.5,1,1.0,,1,1,0.0,26.5
2987292,91061,8691,,0,15.0,1,1.0,,1,1,0.0,15.0
2987293,91119,17188,,0,117.0,1,1.0,,4,1,0.0,117.0
2987294,91124,1675,,0,59.0,1,1.0,,2,1,0.0,59.0
2987295,91129,6530,,0,112.0,1,1.0,,1,1,0.0,112.0
2987296,91145,9803,,0,160.5,1,1.0,,2,1,0.0,160.5
2987297,91160,2647,,0,200.0,1,0.0,,0,1,0.0,200.0
2987298,91168,17868,,0,107.95,1,1.0,,2,1,0.0,107.94999999999999
2987299,91172,15742,,0,72.99,1,1.0,,1,1,0.0,72.99
2987300,91173,2115,,0,48.638,1,1.0,,1,1,1.0,48.637999999999984
2987301,91188,9633,Lenovo PB1-750M Build/S100,0,20.905,1,1.0,1.0,1,1,1.0,20.905
2987302,91215,2115,,0,48.638,2,2.0,,2,2,1.0,97.27599999999998
2987303,91220,11106,,0,1351.55,1,1.0,,2,1,0.0,1351.5500000000002
2987304,91244,8528,,0,554.0,1,1.0,,1,1,0.0,554.0
2987305,91257,2115,,0,48.638,3,3.0,,3,3,1.0,145.914
2987306,91323,12695,,0,20.0,1,1.0,,3,1,0.0,20.0
2987307,91330,12581,,0,159.95,1,0.0,,0,1,0.0,159.95
2987308,91333,5033,,0,25.95,1,1.0,,3,1,0.0,25.94999999999999
2987309,91339,1974,,0,25.95,1,0.0,,0,1,0.0,25.950000000000003
2987310,91339,7585,,0,105.0,1,1.0,,2,1,0.0,105.00000000000001
2987311,91343,16984,MacOS,0,50.0,1,0.0,1.0,0,1,1.0,50.0
2987312,91346,10057,,0,25.0,1,1.0,,1,1,0.0,25.0
2987313,91353,3682,,0,83.95,1,1.0,,1,1,0.0,83.94999999999999
2987314,91359,16916,,0,54.0,1,1.0,,1,1,0.0,54.0
2987315,91414,15813,,0,364.95,1,0.0,,0,1,0.0,364.95
2987316,91422,15885,Windows,0,19.576,1,0.0,1.0,0,1,2.0,19.575999999999965
2987317,91432,11410,,0,335.0,1,1.0,,1,1,0.0,335.0
2987318,91504,14079,,0,39.0,1,1.0,,1,1,0.0,39.0
2987319,91515,15063,,0,300.0,1,0.0,,0,1,1.0,300.0
2987320,91518,7585,,0,82.95,2,2.0,,3,1,0.0,187.95000000000002
2987321,91544,9485,,0,108.5,1,0.0,,0,1,0.0,108.5
2987322,91563,11972,,0,219.95,1,1.0,,1,1,0.0,219.95
2987323,91575,15986,,0,107.95,1,1.0,,1,1,0.0,107.95
2987324,91577,10616,,0,412.73,1,1.0,,1,1,0.0,412.73
2987325,91598,16326,,0,354.95,1,1.0,,1,1,0.0,354.95
2987326,91610,9440,,0,107.95,1,0.0,,0,1,0.0,107.95
2987327,91614,16659,Windows,0,125.0,1,0.0,2.0,0,1,2.0,125.0
2987328,91684,3154,Windows,0,16.857,1,0.0,3.0,0,1,1.0,16.857
2987329,91691,2392,,0,160.5,1,0.0,,0,1,0.0,160.5
2987330,91706,12544,,0,25.0,1,1.0,,1,1,0.0,25.0
2987331,91724,15232,,0,105.95,1,0.0,,0,1,0.0,105.95
2987332,91758,9500,iOS Device,0,100.0,1,0.0,1.0,0,1,1.0,100.0
2987333,91760,15497,Windows,0,30.0,1,0.0,3.0,0,1,1.0,29.999999999999886
2987334,91790,2803,,0,524.0,1,1.0,,1,1,0.0,524.0
2987335,91804,9500,iOS Device,0,100.0,2,0.0,1.0,0,2,1.0,200.0
2987336,91824,9500,iOS Device,0,100.0,3,0.0,1.0,0,3,1.0,300.0
2987337,91875,15497,iOS Device,0,50.0,2,0.0,2.0,0,1,2.0,79.99999999999989
2987338,91884,9500,iOS Device,0,100.0,4,0.0,2.0,0,1,1.0,400.0
2987339,91890,14042,,0,33.25,1,1.0,,1,1,0.0,33.25
2987340,91894,17399,,0,157.95,1,1.0,,1,1,0.0,157.95
2987341,91927,2803,,0,648.95,2,2.0,,2,1,0.0,1172.95
2987342,91928,6927,,0,335.0,1,1.0,,1,1,0.0,335.0
2987343,91955,17399,,0,57.95,2,2.0,,2,1,0.0,215.89999999999998
2987344,91977,1692,,0,117.0,1,1.0,,1,1,0.0,117.0
2987345,92000,9561,,0,711.93,1,1.0,,1,1,0.0,711.93
2987346,92004,10269,,0,107.95,1,1.0,,1,1,0.0,107.95
2987347,92010,12839,,0,60.0,1,0.0,,0,1,0.0,60.0
2987348,92010,10616,,0,59.0,1,1.0,,2,1,0.0,59.0
2987349,92016,3178,,0,59.0,1,1.0,,1,1,0.0,59.0
2987350,92038,3090,,0,26.5,1,1.0,,2,1,0.0,26.5
2987351,92085,14079,,0,35.95,1,1.0,,2,1,0.0,35.95
2987352,92117,10568,LT22i Build/6.2.A.1.100,0,26.947,1,1.0,1.0,1,1,1.0,26.947
2987353,92119,6741,,0,500.0,1,1.0,,1,1,0.0,500.0
2987354,92127,2803,,0,58.0,2,2.0,,3,1,0.0,706.95
2987355,92158,3869,MacOS,0,500.0,1,0.0,1.0,0,1,1.0,500.0
2987356,92174,9112,,0,209.95,1,0.0,,0,1,0.0,209.95
2987357,92185,15205,,0,25.0,1,1.0,,1,1,0.0,25.0
2987358,92187,11925,,0,59.0,1,1.0,,1,1,0.0,59.0
2987359,92213,10269,,0,107.95,2,1.0,,0,1,0.0,215.9
2987360,92221,2616,,0,226.0,1,1.0,,3,1,0.0,226.0
2987361,92222,3869,MacOS,0,500.0,2,0.0,1.0,0,1,1.0,1000.0
2987362,92268,10486,,0,462.95,1,1.0,,1,1,0.0,462.95
2987363,92285,9500,,0,29.5,1,1.0,,1,1,1.0,29.5
2987364,92291,11162,,0,161.0,1,1.0,,1,1,0.0,161.0
2987365,92316,16065,,0,103.95,1,1.0,,1,1,0.0,103.95
2987366,92320,16347,iOS Device,0,20.0,1,0.0,1.0,0,1,1.0,20.0
2987367,92350,4425,rv:52.0,1,225.0,1,0.0,1.0,0,1,1.0,225.0
2987368,92363,8755,,0,7.372,1,1.0,,1,1,1.0,7.372
2987369,92398,1832,,0,30.95,1,0.0,,0,1,0.0,30.95
2987370,92406,9803,,0,160.5,1,1.0,,3,1,0.0,160.5
2987371,92434,3084,,0,44.0,1,1.0,,1,1,0.0,44.0
2987372,92463,7585,,0,70.0,1,1.0,,4,1,0.0,70.00000000000004
2987373,92485,7005,,0,36.95,1,0.0,,0,1,0.0,36.94999999999999
2987374,92501,3869,MacOS,0,500.0,2,0.0,1.0,0,1,1.0,1000.0
2987375,92504,15989,,0,25.95,1,1.0,,1,1,0.0,25.95
2987376,92509,5097,MacOS,0,30.0,1,0.0,2.0,0,1,1.0,30.0
2987377,92549,8088,,0,159.95,1,1.0,,1,1,0.0,159.95
2987378,92571,10682,,0,29.0,1,1.0,,1,1,0.0,29.0
2987379,92592,8691,,0,209.95,1,1.0,,2,1,0.0,209.95
2987380,92594,15885,,0,28.639,1,1.0,,1,1,1.0,28.63899999999996
2987381,92606,18249,,0,24.5,1,1.0,,2,1,0.0,24.5
2987382,92615,2544,,0,27.5,1,0.0,,0,1,0.0,27.5
2987383,92616,18132,,0,40.0,1,1.0,,2,1,0.0,39.999999999999986
2987384,92627,10876,,0,57.822,1,0.0,,0,1,1.0,57.822
2987385,92636,1832,,0,15.95,2,0.0,,0,1,0.0,46.9
2987386,92639,7585,SM-G950U Build/NRD90M,0,43.019,2,2.0,1.0,5,1,1.0,113.01900000000003
2987387,92653,2803,LG-H872 Build/NRD90U,0,40.0,1,0.0,1.0,0,1,1.0,40.0
2987388,92667,15989,,0,22.97,2,2.0,,2,1,0.0,48.92
2987389,92674,3821,MacOS,0,150.0,1,0.0,3.0,0,1,1.0,150.0
2987390,92701,3682,MacOS,0,20.0,1,0.0,4.0,0,1,1.0,19.999999999999986
2987391,92725,15497,,0,107.95,1,0.0,,0,1,2.0,107.94999999999987
2987392,92742,8528,,0,50.0,1,1.0,,2,1,0.0,50.0
2987393,92753,3189,,0,59.0,1,1.0,,1,1,0.0,59.0
2987394,92760,17188,,0,344.95,1,1.0,,5,1,0.0,344.95
2987395,92769,1894,,0,59.0,1,1.0,,1,1,0.0,59.0
2987396,92858,6832,,0,240.95,1,1.0,,2,1,0.0,240.94999999999993
2987397,92892,6872,,0,50.0,1,0.0,,0,1,0.0,50.0
2987398,92896,4461,LG-K500 Build/MMB29M,0,15.468,1,1.0,1.0,2,1,2.0,15.468000000000004
2987399,92897,2803,,0,54.29,2,1.0,,1,1,1.0,94.28999999999999
2987400,92919,4737,,0,129.95,1,1.0,,1,1,0.0,129.95
2987401,92932,11652,,0,250.0,1,0.0,,0,1,0.0,250.0
2987402,92938,8117,,0,49.0,1,1.0,,1,1,0.0,49.0
2987403,92984,7585,,0,311.95,1,1.0,,6,1,1.0,311.95000000000005
2987404,92991,5938,iOS Device,0,50.0,1,0.0,1.0,0,1,1.0,50.0
2987405,92999,4504,,1,90.57,1,1.0,,1,1,0.0,90.57
2987406,93009,16751,iOS Device,0,50.0,1,0.0,2.0,0,1,1.0,50.0
2987407,93012,6741,,0,500.0,1,1.0,,2,1,0.0,500.0
2987408,93049,16751,iOS Device,0,50.0,2,0.0,2.0,0,2,1.0,100.0
2987409,93055,17188,,0,210.95,2,2.0,,6,1,0.0,555.9
2987410,93082,13528,,0,54.5,1,1.0,,1,1,0.0,54.5
2987411,93090,2392,,0,40.0,1,1.0,,1,1,0.0,40.0
2987412,93102,5812,Windows,0,35.044,1,0.0,1.0,0,1,1.0,35.044
2987413,93141,7664,,0,47.95,1,0.0,,0,1,0.0,47.95
2987414,93155,12850,,0,34.95,1,1.0,,1,1,0.0,34.95
2987415,93194,7585,,0,60.0,2,1.0,,0,1,1.0,371.95000000000005
2987416,93218,11920,iOS Device,0,35.0,1,0.0,3.0,0,1,1.0,35.0
2987417,93270,4557,,0,315.0,1,1.0,,1,1,0.0,315.0
2987418,93316,2392,,0,49.0,2,2.0,,2,1,0.0,89.0
2987419,93331,10150,,0,25.0,1,1.0,,1,1,0.0,25.0
2987420,93339,4310,,0,200.0,1,1.0,,1,1,0.0,200.0
2987421,93358,17188,,0,107.95,1,0.0,,0,1,0.0,107.95000000000005
2987422,93359,15497,,0,39.0,1,1.0,,1,1,2.0,38.99999999999987
2987423,93436,10267,,0,29.95,1,1.0,,1,1,0.0,29.95
2987424,93441,3278,,0,1472.47,1,0.0,,0,1,0.0,1472.47
2987425,93447,15066,iOS Device,0,30.0,1,0.0,2.0,0,1,1.0,30.0
2987426,93514,15813,,0,226.0,1,1.0,,1,1,0.0,226.00000000000006
2987427,93525,15773,,0,100.0,1,0.0,,0,1,0.0,100.0
2987428,93530,15066,,0,222.48,2,1.0,,1,1,1.0,252.48
2987429,93654,9300,Windows,0,7.493,1,0.0,1.0,0,1,1.0,7.493000000000002
2987430,93654,1906,,0,53.95,1,0.0,,0,1,0.0,53.95
2987431,93661,15066,,0,164.95,3,2.0,,2,1,1.0,417.42999999999995
2987432,93669,12686,,0,57.95,1,0.0,,0,1,0.0,57.95
2987433,93676,17364,iOS Device,0,100.0,1,0.0,2.0,0,1,1.0,100.0
2987434,93677,4097,iOS Device,0,50.0,1,0.0,3.0,0,1,1.0,50.0
2987435,93680,10616,Windows,0,25.0,1,0.0,2.0,0,1,1.0,25.0
2987436,93694,15063,,0,100.0,1,1.0,,1,1,1.0,100.0
2987437,93706,6019,iOS Device,0,100.0,1,0.0,4.0,0,1,1.0,100.0
2987438,93706,15885,,0,12.326,1,1.0,,2,1,1.0,12.325999999999961
2987439,93729,12730,SM-P550 Build/MMB29M,0,66.885,1,1.0,1.0,2,1,1.0,66.885
2987440,93803,10486,,0,100.0,1,1.0,,2,1,0.0,100.00000000000006
2987441,93809,14858,,0,107.95,1,1.0,,1,1,0.0,107.94999999999999
2987442,93811,1893,,0,3162.95,1,0.0,,0,1,0.0,3162.95
2987443,93820,5046,,0,32.325,1,1.0,,1,1,0.0,32.325
2987444,93843,11207,,0,2267.47,1,1.0,,1,1,0.0,2267.47
2987445,93850,16661,,0,30.0,1,1.0,,1,1,0.0,30.0
2987446,93854,13249,Windows,0,50.0,1,0.0,3.0,0,1,1.0,50.0
2987447,93861,12219,,0,59.0,1,1.0,,1,1,0.0,59.0
2987448,93870,8320,,0,24.0,1,1.0,,1,1,0.0,24.0
2987449,93882,5734,iOS Device,0,200.0,1,0.0,4.0,0,1,1.0,200.0
2987450,93894,6550,,0,15.0,1,1.0,,2,1,0.0,15.0
2987451,93931,6344,,0,59.0,1,1.0,,1,1,0.0,59.0
2987452,93960,2803,,0,68.95,1,0.0,,0,1,1.0,68.95000000000002
2987453,94009,7511,,0,30.0,1,1.0,,1,1,0.0,30.0
2987454,94026,11157,,0,59.0,1,1.0,,1,1,0.0,59.0
2987455,94036,7508,Windows,0,150.0,1,0.0,2.0,0,1,1.0,150.0
2987456,94038,4461,SM-J700M Build/MMB29K,0,7.251,1,1.0,1.0,3,1,3.0,7.251000000000005
2987457,94049,3682,Trident/7.0,0,50.0,1,0.0,1.0,0,1,2.0,49.999999999999986
2987458,94057,1893,,0,3162.95,2,0.0,,0,1,0.0,6325.9
2987459,94065,6019,,0,43.97,1,1.0,,1,1,1.0,43.97
2987460,94079,14858,,0,88.0,2,2.0,,2,1,0.0,195.95
2987461,94083,10616,rv:57.0,0,7.0,1,0.0,1.0,0,1,2.0,7.0
2987462,94085,7508,Windows,0,150.0,2,0.0,2.0,0,2,1.0,300.0
2987463,94125,6004,SM-G950U Build/NRD90M,0,100.0,1,0.0,1.0,0,1,1.0,100.0
2987464,94174,2336,,0,146.0,1,1.0,,1,1,0.0,146.0
2987465,94178,15885,,0,16.313,1,1.0,,3,1,1.0,16.31299999999996
2987466,94196,2803,iOS Device,0,50.0,2,0.0,1.0,0,1,2.0,118.95000000000002
2987467,94209,3682,SAMSUNG SM-G930T Build/NRD90M,0,75.0,2,0.0,1.0,0,1,3.0,124.99999999999999
2987468,94212,1214,,0,200.0,1,1.0,,1,1,0.0,200.0
2987469,94220,15066,iOS Device,0,40.0,1,0.0,2.0,0,1,1.0,39.99999999999997
2987470,94258,10960,,0,58.95,1,1.0,,1,1,0.0,58.95
2987471,94260,18132,,0,30.95,1,1.0,,3,1,0.0,30.94999999999999
2987472,94297,13481,,0,140.0,1,0.0,,0,1,0.0,140.0
2987473,94329,17131,,0,58.95,1,1.0,,1,1,0.0,58.95
2987474,94333,2845,,0,82.95,1,0.0,,0,1,0.0,82.95
2987475,94392,15066,,0,67.95,2,1.0,,1,1,1.0,107.94999999999997
2987476,94458,7585,Windows,0,37.763,1,1.0,1.0,1,1,2.0,37.763000000000034
2987477,94463,3570,,0,100.0,1,1.0,,1,1,0.0,100.0
2987478,94465,11199,,0,335.0,1,1.0,,1,1,0.0,335.0
2987479,94511,12839,,0,57.95,1,0.0,,0,1,0.0,57.95
2987480,94538,10486,,0,59.0,1,1.0,,3,1,0.0,59.00000000000006
2987481,94555,16075,,0,109.0,1,1.0,,2,1,0.0,108.99999999999999
2987482,94581,16873,Windows,0,25.0,1,0.0,2.0,0,1,1.0,25.0
2987483,94611,2803,,0,68.95,1,0.0,,0,1,2.0,68.95000000000003
2987484,94621,11207,,0,31.95,1,1.0,,2,1,0.0,31.949999999999818
2987485,94622,18092,MacOS,0,25.0,1,0.0,1.0,0,1,1.0,25.0
2987486,94640,2392,,0,20.0,1,1.0,,3,1,0.0,20.0
2987487,94642,12598,,0,59.0,1,1.0,,1,1,0.0,59.0
2987488,94642,15885,Windows,0,15.105,1,1.0,3.0,4,1,1.0,15.104999999999961
2987489,94645,3154,Blade V6 Plus Build/MRA58K,0,8.7,1,1.0,1.0,1,1,2.0,8.7
2987490,94716,6019,iOS Device,0,100.0,1,0.0,1.0,0,1,1.0,100.0
2987491,94719,14035,,0,150.0,1,0.0,,0,1,0.0,150.0
2987492,94726,5613,,0,350.23,1,1.0,,1,1,0.0,350.23
2987493,94746,16132,,0,200.0,1,1.0,,4,1,0.0,200.0
2987494,94768,14823,,0,303.95,1,1.0,,1,1,0.0,303.95
2987495,94795,8394,,0,250.0,1,1.0,,2,1,0.0,250.0
2987496,94803,17129,,0,107.95,1,0.0,,0,1,0.0,107.95
2987497,94829,12686,,0,39.0,1,1.0,,1,1,0.0,39.0
2987498,94851,7377,,0,100.0,1,1.0,,1,1,0.0,100.0
2987499,94861,5812,Windows,0,9.425,1,0.0,3.0,0,1,1.0,9.424999999999997
2987500,94866,15242,,0,108.5,1,1.0,,1,1,0.0,108.5
2987501,94881,9026,,0,27.793,1,0.0,,0,1,0.0,27.793000000000006
2987502,94888,2803,,0,68.95,2,1.0,,1,1,2.0,137.90000000000003
2987503,94908,9992,,0,36.95,1,1.0,,2,1,0.0,36.94999999999999
2987504,94912,7508,Windows,0,50.0,1,0.0,3.0,0,1,1.0,50.0
2987505,94940,18092,MacOS,0,25.0,1,0.0,1.0,0,1,1.0,25.0
2987506,94956,6697,,0,424.95,1,0.0,,0,1,0.0,424.95
2987507,94997,18132,,0,120.0,1,1.0,,4,1,0.0,119.99999999999999
2987508,95069,7508,Windows,0,150.0,2,0.0,2.0,0,1,1.0,200.0
2987509,95104,2616,,0,3000.0,1,0.0,,0,1,0.0,3000.0
2987510,95144,6019,,0,500.0,1,1.0,,1,1,1.0,500.0
2987511,95157,12839,,0,209.95,1,0.0,,0,1,0.0,209.95
2987512,95191,13809,,0,107.95,1,0.0,,0,1,0.0,107.95
2987513,95252,4090,,0,26.95,1,0.0,,0,1,0.0,26.95
2987514,95253,9803,MacOS,0,250.0,1,0.0,1.0,0,1,1.0,250.0
2987515,95287,10486,Trident/7.0,0,35.0,1,0.0,1.0,0,1,1.0,35.00000000000006
2987516,95299,15066,,0,2424.95,1,1.0,,2,1,1.0,2424.95
2987517,95310,13832,BLL-L23 Build/HUAWEIBLL-L23,0,9.305,1,1.0,1.0,1,1,1.0,9.305
2987518,95326,16132,,0,367.95,1,1.0,,5,1,0.0,367.95000000000005
2987519,95335,9500,,0,57.95,1,1.0,,2,1,1.0,57.95
2987520,95366,7508,iOS Device,0,175.0,2,0.0,1.0,0,1,2.0,325.0
2987521,95400,13307,KYOCERA-C6742A Build/LMY47V,0,6.0,1,0.0,1.0,0,1,1.0,6.0
2987522,95401,16437,,0,82.0,1,1.0,,1,1,0.0,82.0
2987523,95405,6019,iOS Device,0,100.0,2,1.0,2.0,0,1,1.0,600.0
2987524,95412,8528,iOS Device,0,15.0,1,0.0,3.0,0,1,1.0,15.0
2987525,95417,2803,,0,31.95,1,1.0,,2,1,2.0,31.950000000000017
2987526,95442,7919,,0,201.0,1,1.0,,1,1,0.0,201.0
2987527,95443,11653,,0,150.0,1,1.0,,1,1,0.0,150.0
2987528,95456,14479,iOS Device,0,100.0,1,0.0,4.0,0,1,1.0,100.0
2987529,95464,6019,iOS Device,0,50.0,2,0.0,4.0,0,2,1.0,150.0
2987530,95505,15757,,0,58.95,1,1.0,,2,1,0.0,58.95
2987531,95572,6019,iOS Device,0,50.0,3,0.0,4.0,0,1,1.0,200.0
2987532,95588,7322,MacOS,0,75.0,1,0.0,1.0,0,1,1.0,75.0
2987533,95666,10486,,0,311.95,1,1.0,,1,1,1.0,311.95000000000005
2987534,95724,16132,,0,19.95,1,1.0,,6,1,0.0,19.950000000000045
2987535,95738,16136,Windows,0,40.361,1,1.0,1.0,1,1,1.0,40.361
2987536,95760,12544,,0,77.0,1,1.0,,2,1,0.0,77.0
2987537,95804,16132,,0,50.0,2,2.0,,7,1,0.0,69.95000000000005
2987538,95817,7482,,0,209.95,1,1.0,,1,1,0.0,209.95
2987539,95818,7364,,0,47.95,1,0.0,,0,1,0.0,47.95
2987540,95844,16132,,0,59.0,3,3.0,,8,2,0.0,128.95000000000005
2987541,95848,10486,,0,107.95,2,1.0,,0,1,1.0,419.90000000000003
2987542,95853,7508,,0,58.95,1,1.0,,1,1,2.0,58.94999999999999
2987543,95859,8034,Windows,0,100.0,1,0.0,2.0,0,1,1.0,100.0
2987544,95877,4436,iOS Device,0,125.0,1,0.0,1.0,0,1,1.0,125.0
2987545,95913,2803,,0,171.0,1,1.0,,3,1,2.0,171.00000000000003
2987546,95935,16560,,0,35.0,1,1.0,,1,1,0.0,35.0
2987547,95950,9026,,0,64.649,1,1.0,,1,1,0.0,64.649
2987548,95973,7508,,0,2294.95,2,2.0,,2,1,2.0,2353.8999999999996
2987549,96014,9440,,0,60.0,1,0.0,,0,1,0.0,59.999999999999986
2987550,96059,3154,,0,27.31,1,1.0,,2,1,1.0,27.31
2987551,96060,2801,F3113 Build/33.2.A.4.70,0,10.996,1,1.0,1.0,1,1,1.0,10.996
2987552,96068,16075,Trident/7.0,0,80.0,1,0.0,1.0,0,1,1.0,80.0
2987553,96093,12734,,0,42.596,1,1.0,,1,1,0.0,42.596
2987554,96149,12581,,0,335.0,1,1.0,,1,1,0.0,335.0
2987555,96182,6019,iOS Device,0,75.0,1,0.0,1.0,0,1,1.0,75.0
2987556,96186,15885,Windows,0,41.146,1,0.0,1.0,0,1,1.0,41.14599999999996
2987557,96236,17188,,0,50.0,1,1.0,,1,1,0.0,50.00000000000004
2987558,96261,9808,iOS Device,0,100.0,1,0.0,2.0,0,1,1.0,100.0
2987559,96284,12469,,0,59.0,1,1.0,,3,1,0.0,59.0
2987560,96307,9300,Windows,0,203.374,1,0.0,2.0,0,1,1.0,203.374
2987561,96335,15497,,0,300.0,1,0.0,,0,1,0.0,299.9999999999999
2987562,96354,16326,,0,422.5,1,1.0,,2,1,0.0,422.50000000000006
2987563,96376,3682,Windows,0,50.0,1,0.0,3.0,0,1,3.0,50.0
2987564,96378,2377,,0,49.0,1,1.0,,1,1,0.0,49.0
2987565,96385,16085,,0,27.95,1,1.0,,1,1,0.0,27.95
2987566,96390,6053,,0,554.0,1,0.0,,0,1,0.0,554.0
2987567,96427,6394,,0,39.0,1,1.0,,1,1,0.0,39.0
2987568,96451,17188,,0,49.0,2,2.0,,2,1,0.0,99.00000000000004
2987569,96468,9100,,0,113.95,1,1.0,,1,1,0.0,113.95
2987570,96468,11162,,0,150.5,1,0.0,,0,1,0.0,150.5
2987571,96470,15257,Windows,0,1.896,1,0.0,4.0,0,1,1.0,1.896
2987572,96474,3699,,0,50.0,1,1.0,,1,1,0.0,50.0
2987573,96475,17188,,0,49.0,3,3.0,,3,2,0.0,148.00000000000006
2987574,96482,17188,,0,103.97,4,3.0,,0,3,0.0,251.97000000000006
2987575,96491,16132,,0,117.0,1,0.0,,0,1,0.0,117.00000000000006
2987576,96491,7034,iOS Device,0,50.0,1,0.0,2.0,0,1,1.0,50.0
2987577,96504,5812,Windows,0,6.477,1,0.0,4.0,0,1,1.0,6.476999999999997
2987578,96520,4387,,0,50.0,1,0.0,,0,1,0.0,50.0
2987579,96522,7949,D5306 Build/19.4.A.0.182,0,57.822,1,1.0,1.0,1,1,1.0,57.822
2987580,96525,17188,,0,49.0,5,4.0,,1,4,0.0,300.97
2987581,96535,2455,,0,210.95,1,0.0,,0,1,0.0,210.95
2987582,96579,1893,Windows,0,30.0,1,0.0,5.0,0,1,1.0,30.0
2987583,96647,16085,,0,226.0,2,2.0,,2,1,0.0,253.95
2987584,96667,5812,Windows,0,32.325,2,0.0,4.0,0,1,1.0,38.802
2987585,96695,8503,Windows,0,100.0,1,0.0,4.0,0,1,1.0,100.0
2987586,96703,8024,,0,107.95,1,0.0,,0,1,0.0,107.95
2987587,96742,6530,,0,44.0,1,1.0,,2,1,0.0,44.0
2987588,96750,16521,,0,40.0,1,0.0,,0,1,0.0,40.0
2987589,96780,7585,,0,200.0,1,0.0,,0,1,1.0,200.00000000000003
2987590,96820,10744,Windows,0,150.0,1,0.0,4.0,0,1,1.0,150.0
2987591,96822,10112,,0,73.95,1,1.0,,3,1,0.0,73.94999999999999
2987592,96863,16746,Windows,0,9.788,1,1.0,5.0,1,1,1.0,9.788
2987593,96865,15484,,0,140.0,1,0.0,,0,1,0.0,140.0
2987594,96871,10057,,0,100.0,1,1.0,,2,1,0.0,100.0
2987595,96876,10493,,0,59.0,1,1.0,,1,1,0.0,59.0
2987596,96883,15257,Windows,0,5.4,1,0.0,5.0,0,1,1.0,5.4
2987597,96905,15484,,0,107.95,2,1.0,,1,2,0.0,247.95
2987598,96922,15885,Trident/7.0,0,34.017,1,1.0,1.0,1,1,2.0,34.01699999999995
2987599,96937,14661,,0,209.95,1,0.0,,0,1,0.0,209.95
2987600,96986,12839,,0,171.0,1,1.0,,1,1,0.0,171.0
2987601,96988,12544,iOS Device,0,25.0,1,0.0,1.0,0,1,1.0,25.0
2987602,97003,1893,Windows,0,30.0,1,0.0,4.0,0,1,1.0,30.0
2987603,97074,7861,Windows,0,30.0,1,0.0,5.0,0,1,1.0,30.0
2987604,97139,15066,,0,34.95,1,0.0,,0,1,1.0,34.94999999999982
2987605,97142,7585,Windows,0,10.0,1,0.0,5.0,0,1,1.0,10.000000000000028
2987606,97142,10686,,0,49.0,1,1.0,,1,1,0.0,49.0
2987607,97169,10876,Windows,0,53.411,1,0.0,5.0,0,1,1.0,53.411
2987608,97194,13307,KYOCERA-C6742A Build/LMY47V,0,6.0,1,0.0,1.0,0,1,1.0,6.0
2987609,97224,2803,,0,49.0,1,1.0,,4,1,1.0,49.00000000000003
2987610,97293,5170,iOS Device,0,50.0,1,0.0,1.0,0,1,1.0,50.0
2987611,97307,10486,,0,361.95,1,1.0,,1,1,1.0,361.95000000000005
2987612,97337,15257,Windows,0,5.4,1,0.0,4.0,0,1,1.0,5.4
2987613,97350,12184,,0,50.632,1,0.0,,0,1,0.0,50.632
2987614,97400,4079,,0,424.95,1,1.0,,1,1,0.0,424.95
2987615,97403,4494,,0,47.95,1,1.0,,1,1,0.0,47.95
2987616,97418,11233,,0,107.95,1,1.0,,1,1,0.0,107.95
2987617,97419,18301,M4 SS4457 Build/MRA58K,0,59.453,1,1.0,1.0,1,1,1.0,59.453
2987618,97449,13346,Windows,0,5.4,1,0.0,3.0,0,1,1.0,5.4
2987619,97470,13623,,0,30.95,1,0.0,,0,1,0.0,30.95
2987620,97647,15066,SM-G955U Build/NRD90M,0,150.0,1,0.0,1.0,0,1,2.0,149.99999999999983
2987621,97662,13844,MacOS,0,25.0,1,0.0,1.0,0,1,1.0,25.0
2987622,97664,12741,,0,30.0,1,1.0,,1,1,0.0,30.0
2987623,97725,9026,Windows,0,71.477,1,1.0,2.0,2,1,1.0,71.477
2987624,97757,14208,,0,35.95,1,1.0,,1,1,0.0,35.95
2987625,97774,8755,SM-G610M Build/MMB29K,0,14.38,1,1.0,1.0,2,1,1.0,14.380000000000003
2987626,97784,9992,,0,67.95,1,0.0,,0,1,0.0,67.94999999999999
2987627,97815,15651,,0,82.95,1,1.0,,2,1,0.0,82.94999999999999
2987628,97823,2704,,0,104.47,1,0.0,,0,1,0.0,104.47000000000001
2987629,97834,8880,,0,140.58,1,0.0,,0,1,0.0,140.58
2987630,97843,5812,Windows,1,12.326,1,1.0,2.0,1,1,1.0,12.325999999999993
2987631,97860,4770,,0,210.0,1,0.0,,0,1,0.0,210.0
2987632,97883,9680,,0,129.95,1,0.0,,0,1,0.0,129.95
2987633,97916,6021,,0,15.0,1,0.0,,0,1,0.0,15.0
2987634,97954,5173,,0,161.2,1,1.0,,1,1,0.0,161.2
2987635,98035,14902,Windows,0,10.0,1,0.0,2.0,0,1,1.0,10.0
2987636,98046,1342,,0,29.0,1,0.0,,0,1,0.0,29.0
2987637,98066,9026,Windows,0,70.51,1,1.0,3.0,3,1,1.0,70.51000000000002
2987638,98086,15885,,0,63.26,1,1.0,,2,1,2.0,63.259999999999955
2987639,98119,15885,,0,33.231,2,2.0,,3,2,2.0,96.49099999999996
2987640,98127,1814,,0,159.95,1,1.0,,1,1,0.0,159.95
2987641,98150,11201,SAMSUNG SM-G935F Build/NRD90M,0,12.326,1,1.0,1.0,1,1,1.0,12.326
2987642,98166,12806,,0,21.0,1,1.0,,1,1,0.0,21.0
2987643,98206,1893,Windows,0,30.0,1,0.0,3.0,0,1,1.0,30.0
2987644,98231,4090,,0,47.95,1,0.0,,0,1,0.0,47.95
2987645,98326,10616,,0,91.05,1,0.0,,0,1,0.0,91.05
2987646,98333,7542,,0,50.0,1,1.0,,1,1,0.0,50.0
2987647,98334,17480,,0,171.0,1,1.0,,1,1,0.0,171.0
2987648,98339,2616,Windows,0,25.0,1,0.0,3.0,0,1,1.0,25.0
2987649,98359,6530,,0,48.95,1,0.0,,0,1,0.0,48.95
2987650,98360,2646,,0,25.0,1,0.0,,0,1,0.0,25.0
2987651,98450,16132,,0,42.95,1,0.0,,0,1,0.0,42.950000000000045
2987652,98499,6209,,0,569.95,1,0.0,,0,1,0.0,569.95
2987653,98507,9300,Windows,0,15.709,1,1.0,2.0,1,1,1.0,15.709000000000003
2987654,98545,15066,,0,59.95,1,1.0,,1,1,1.0,59.94999999999982
2987655,98586,8431,,0,107.95,1,0.0,,0,1,0.0,107.94999999999999
2987656,98630,7542,,0,59.0,2,2.0,,2,1,0.0,109.0
2987657,98676,11181,,0,29.0,1,1.0,,1,1,0.0,29.0
2987658,98695,4121,,0,226.0,1,1.0,,1,1,0.0,226.0
2987659,98724,9400,,0,100.0,1,1.0,,1,1,0.0,100.0
2987660,98799,13335,,0,127.788,1,1.0,,1,1,0.0,127.788
2987661,98832,6730,,0,40.0,1,0.0,,0,1,0.0,40.0
2987662,98833,7676,,0,171.0,1,1.0,,1,1,0.0,171.0
2987663,98835,15063,,0,369.95,1,0.0,,0,1,0.0,369.95
2987664,98844,16062,Trident/7.0,0,16.012,1,0.0,1.0,0,1,1.0,16.012
2987665,99048,7542,,0,59.0,1,1.0,,3,1,0.0,59.0
2987666,99071,5365,,0,61.749,1,1.0,,1,1,0.0,61.749
2987667,99094,17188,,0,47.95,1,0.0,,0,1,0.0,47.95000000000002
2987668,99109,15885,,0,24.047,1,0.0,,0,1,2.0,24.046999999999954
2987669,99128,7207,,0,1183.95,1,1.0,,2,1,0.0,1183.95
2987670,99137,12695,,0,59.0,1,1.0,,4,1,0.0,59.0
2987671,99137,17188,,0,44.5,2,1.0,,1,2,0.0,92.45000000000002
2987672,99170,9917,Trident/7.0,0,25.376,1,0.0,1.0,0,1,1.0,25.376
2987673,99189,10112,,0,10.0,1,1.0,,4,1,0.0,9.999999999999986
2987674,99255,10776,,0,59.54,1,1.0,,2,1,0.0,59.53999999999999
2987675,99273,9100,,0,109.47,1,1.0,,2,1,0.0,109.47000000000001
2987676,99275,12839,,0,159.0,1,1.0,,2,1,0.0,159.0
2987677,99428,7542,,0,50.0,1,1.0,,4,1,0.0,50.0
2987678,99438,10960,,0,50.0,1,1.0,,2,1,0.0,50.0
2987679,99480,3326,,0,107.95,1,0.0,,0,1,0.0,107.95
2987680,99485,2803,,0,62.95,1,0.0,,0,1,0.0,62.95000000000003
2987681,99491,13335,,0,85.192,1,1.0,,2,1,0.0,85.192
2987682,99556,17442,,0,25.0,1,0.0,,0,1,0.0,25.0
2987683,99584,5812,Windows,1,124.344,1,1.0,1.0,2,1,1.0,124.344
2987684,99610,17480,,0,117.0,1,1.0,,2,1,0.0,117.0
2987685,99612,13370,,0,138.5,1,1.0,,1,1,0.0,138.5
2987686,99614,9633,,0,73.471,1,0.0,,0,1,0.0,73.471
2987687,99621,12469,,0,39.5,1,1.0,,4,1,0.0,39.5
2987688,99625,17148,,0,105.0,1,0.0,,0,1,0.0,105.0
2987689,99658,11862,Windows,0,100.0,1,0.0,2.0,0,1,1.0,100.0
2987690,99689,10112,,0,57.95,1,1.0,,5,1,0.0,57.94999999999999
2987691,99724,15497,,0,34.95,1,1.0,,1,1,0.0,34.949999999999875
2987692,99736,9026,,0,8.459,1,0.0,,0,1,1.0,8.459000000000017
2987693,99763,13335,,0,85.192,2,2.0,,3,1,0.0,170.384
2987694,99782,8453,MacOS,0,65.0,1,0.0,1.0,0,1,1.0,65.0
2987695,99813,12741,,0,30.0,1,1.0,,2,1,0.0,30.0
2987696,99839,2650,SM-G610M Build/MMB29K,0,36.252,1,1.0,1.0,1,1,1.0,36.252
2987697,99855,11815,,0,44.0,1,1.0,,2,1,0.0,44.0
2987698,99884,4475,MacOS,0,65.0,1,0.0,2.0,0,1,1.0,65.0
2987699,99900,15160,,0,65.0,1,0.0,,0,1,0.0,65.0
2987700,99901,7542,,0,59.0,1,1.0,,5,1,0.0,59.0
2987701,99902,15986,,0,50.0,1,1.0,,2,1,0.0,49.999999999999986
2987702,99905,14052,,0,100.0,1,0.0,,0,1,0.0,100.0
2987703,99948,12040,,0,108.5,1,1.0,,1,1,0.0,108.5
2987704,99974,4436,,0,822.47,1,1.0,,1,1,0.0,822.47
2987705,100000,9480,,0,77.0,1,1.0,,1,1,0.0,77.0
2987706,100024,4272,,0,57.95,1,0.0,,0,1,0.0,57.95
2987707,100045,14653,,0,67.95,1,1.0,,1,1,0.0,67.95
2987708,100060,12686,,0,49.0,1,1.0,,2,1,0.0,49.0
2987709,100066,3655,,0,54.47,1,1.0,,1,1,0.0,54.47
2987710,100079,13335,,0,85.192,1,1.0,,4,1,0.0,85.19199999999996
2987711,100085,2772,,0,50.0,1,1.0,,1,1,0.0,50.0
2987712,100121,4067,Windows,0,10.0,1,0.0,1.0,0,1,1.0,10.0
2987713,100159,12807,,0,42.95,1,1.0,,1,1,0.0,42.95
2987714,100169,10023,,0,59.0,1,1.0,,2,1,0.0,59.0
2987715,100179,7664,,0,200.0,1,0.0,,0,1,0.0,200.0
2987716,100189,12501,,0,57.95,1,1.0,,1,1,0.0,57.95
2987717,100189,12741,,0,39.0,1,1.0,,3,1,0.0,39.0
2987718,100204,15851,XT1635-01,0,50.0,1,0.0,1.0,0,1,1.0,50.0
2987719,100237,8320,,0,114.95,1,1.0,,2,1,0.0,114.94999999999999
2987720,100290,4090,,0,26.95,1,0.0,,0,1,0.0,26.950000000000003
2987721,100307,15066,,0,44.0,1,1.0,,2,1,1.0,43.999999999999815
2987722,100336,12839,,0,205.95,1,1.0,,3,1,0.0,205.95
2987723,100364,2803,,0,60.0,1,1.0,,1,1,0.0,60.00000000000003
2987724,100376,10616,Windows,0,25.0,1,0.0,2.0,0,1,1.0,25.0
2987725,100379,14182,,0,53.97,1,0.0,,0,1,0.0,53.97
2987726,100405,4966,iOS Device,0,30.0,1,0.0,1.0,0,1,1.0,30.0
2987727,100417,8406,,0,209.95,1,1.0,,2,1,0.0,209.95
2987728,100418,10686,,0,49.0,1,1.0,,2,1,0.0,49.0
2987729,100424,15497,,0,29.95,1,1.0,,2,1,0.0,29.949999999999875
2987730,100460,15885,Windows,0,43.563,1,1.0,2.0,1,1,2.0,43.56299999999996
2987731,100463,3818,,0,77.0,1,0.0,,0,1,0.0,77.0
2987732,100488,9043,MacOS,0,100.0,1,0.0,1.0,0,1,1.0,100.0
2987733,100516,4806,Windows,0,150.0,1,0.0,3.0,0,1,1.0,150.0
2987734,100547,2803,,0,445.0,2,2.0,,2,1,0.0,505.0
2987735,100559,16075,,0,150.0,1,1.0,,1,1,0.0,150.0
2987736,100591,15063,,1,100.0,1,1.0,,1,1,0.0,100.0
2987737,100616,4090,,0,23.47,1,0.0,,0,1,0.0,23.470000000000002
2987738,100622,16075,,0,150.0,2,1.0,,0,1,0.0,300.0
2987739,100664,15257,rv:56.0,0,26.654,1,0.0,1.0,0,1,2.0,26.654000000000003
2987740,100677,1939,,0,135.95,1,1.0,,1,1,0.0,135.95
2987741,100725,2917,SM-G950U Build/NRD90M,0,25.0,1,0.0,1.0,0,1,1.0,25.0
2987742,100784,15385,,0,159.95,1,1.0,,2,1,0.0,159.95
2987743,100843,4156,Windows,0,90.0,1,0.0,1.0,0,1,1.0,90.0
2987744,100847,12577,,0,50.0,1,1.0,,4,1,0.0,50.0
2987745,100874,13964,,0,46.5,1,0.0,,0,1,0.0,46.5
2987746,100887,14276,,0,28.277,1,0.0,,0,1,0.0,28.277
2987747,100895,13335,,0,85.192,1,1.0,,5,1,0.0,85.19199999999996
2987748,100920,12866,MacOS,0,50.0,1,0.0,1.0,0,1,1.0,50.0
2987749,100956,17188,,0,92.0,1,1.0,,2,1,0.0,92.0
2987750,101036,5812,,0,60.058,1,0.0,,0,1,1.0,60.05799999999999
2987751,101043,16132,Windows,0,200.0,1,0.0,2.0,0,1,1.0,200.00000000000006
2987752,101090,7499,Windows,0,96.974,1,1.0,3.0,1,1,1.0,96.974
2987753,101204,2781,,0,173.0,1,1.0,,1,1,0.0,173.0
2987754,101258,13366,VS500,0,15.0,1,0.0,1.0,0,1,1.0,15.0
2987755,101286,12577,,0,39.0,1,1.0,,5,1,0.0,39.0
2987756,101298,8914,,0,80.0,1,1.0,,1,1,0.0,80.0
2987757,101359,10640,,0,29.0,1,1.0,,1,1,0.0,29.0
2987758,101369,8755,CAM-L03 Build/HUAWEICAM-L03,0,23.201,1,1.0,1.0,3,1,2.0,23.201
2987759,101371,2755,,0,200.0,1,1.0,,1,1,0.0,200.0
2987760,101384,7676,,0,112.99,1,1.0,,2,1,0.0,112.99000000000001
2987761,101385,17188,,0,78.95,1,1.0,,3,1,0.0,78.94999999999999
2987762,101412,13111,,0,129.95,1,0.0,,0,1,0.0,129.95
2987763,101511,5293,RCT6303W87M7 Build/MRA58K,0,100.0,1,0.0,1.0,0,1,1.0,100.0
2987764,101549,16661,,0,50.0,1,0.0,,0,1,0.0,50.0
2987765,101572,9323,,0,600.0,1,0.0,,0,1,0.0,600.0
2987766,101589,9300,M4 SS4451 Build/LMY47D,0,64.529,1,1.0,1.0,2,1,2.0,64.529
2987767,101590,16232,,0,209.95,1,1.0,,1,1,0.0,209.95
2987768,101630,13005,,0,10.755,1,1.0,,1,1,0.0,10.755
2987769,101678,15885,Windows,0,14.501,1,0.0,1.0,0,1,1.0,14.500999999999955
2987770,101687,15160,,0,53.97,1,0.0,,0,1,0.0,53.97
2987771,101723,14290,iOS Device,0,25.0,1,0.0,1.0,0,1,1.0,25.0
2987772,101791,6170,,0,30.95,1,0.0,,0,1,0.0,30.950000000000003
2987773,101868,11444,,0,600.0,1,1.0,,1,1,0.0,600.0
2987774,101883,15066,iOS Device,0,65.0,1,0.0,2.0,0,1,1.0,64.99999999999982
2987775,101890,4818,,0,107.95,1,1.0,,1,1,0.0,107.95
2987776,101996,11207,,0,650.0,1,0.0,,0,1,0.0,649.9999999999998
2987777,102057,9026,Windows,0,150.929,1,0.0,1.0,0,1,1.0,150.92900000000003
2987778,102113,12581,,0,890.95,1,1.0,,2,1,0.0,890.95
2987779,102154,7481,KFFOWI Build/LVY48F,1,10.0,1,0.0,1.0,0,1,1.0,10.0
2987780,102188,8732,KFFOWI Build/LVY48F,1,10.0,1,0.0,2.0,0,1,1.0,10.0
2987781,102193,8732,KFFOWI Build/LVY48F,1,10.0,2,0.0,2.0,0,2,1.0,20.0
2987782,102219,9992,,0,58.95,1,0.0,,0,1,0.0,58.94999999999999
2987783,102261,15986,,0,99.95,1,1.0,,3,1,0.0,99.94999999999999
2987784,102310,15885,,0,14.26,1,1.0,,1,1,1.0,14.259999999999954
2987785,102326,7585,iOS Device,0,45.0,1,0.0,1.0,0,1,1.0,45.00000000000003
2987786,102337,4818,,0,209.95,1,0.0,,0,1,0.0,209.95
2987787,102348,11207,,0,724.0,1,0.0,,0,1,0.0,723.9999999999998
2987788,102369,7585,iOS Device,0,45.0,2,0.0,1.0,0,2,1.0,90.00000000000003
2987789,102377,15885,,0,24.228,2,2.0,,2,1,1.0,38.48799999999996
2987790,102379,5986,rv:56.0,0,100.0,1,0.0,1.0,0,1,1.0,100.0
2987791,102397,4998,,0,85.192,1,1.0,,1,1,0.0,85.192
2987792,102452,15885,Moto E (4) Build/NMA26.42-19,0,20.18,3,3.0,1.0,3,1,2.0,58.66799999999996
2987793,102546,14842,,0,20.0,1,1.0,,1,1,0.0,20.0
2987794,102597,2893,,0,25.95,1,1.0,,1,1,0.0,25.95
2987795,102630,4461,SAMSUNG,0,10.755,1,1.0,1.0,4,1,1.0,10.755000000000006
2987796,102633,14259,SM-G930V Build/NRD90M,0,30.0,1,0.0,1.0,0,1,1.0,30.0
2987797,102640,12839,,0,20.95,1,1.0,,4,1,0.0,20.94999999999999
2987798,102655,17262,,0,108.5,1,1.0,,1,1,0.0,108.5
2987799,102732,2407,,0,107.95,1,0.0,,0,1,0.0,107.95
2987800,102732,3154,E2306 Build/26.3.A.1.33,0,23.926,1,1.0,1.0,3,1,1.0,23.926
2987801,102897,2692,,0,317.5,1,1.0,,1,1,0.0,317.5
2987802,102999,9515,,0,89.36,1,0.0,,0,1,0.0,89.36000000000001
2987803,103041,1974,,0,2325.97,1,0.0,,0,1,0.0,2325.97
2987804,103121,11201,,0,63.26,1,0.0,,0,1,0.0,63.26
2987805,103144,12396,,0,50.0,1,1.0,,1,1,0.0,50.0
2987806,103175,14634,,0,44.95,1,1.0,,1,1,0.0,44.95
2987807,103189,2146,,0,34.0,1,1.0,,1,1,0.0,34.0
2987808,103190,15651,,0,59.0,1,1.0,,3,1,0.0,58.999999999999986
2987809,103197,17131,,0,30.95,1,0.0,,0,1,0.0,30.950000000000003
2987810,103198,5751,,0,261.95,1,0.0,,0,1,0.0,261.95
2987811,103264,1556,,0,42.95,1,1.0,,1,1,0.0,42.95
2987812,103297,1893,,0,49.41,1,1.0,,1,1,0.0,49.41
2987813,103329,6292,,0,58.95,1,0.0,,0,1,0.0,58.95
2987814,103409,15497,,0,279.95,1,1.0,,3,1,0.0,279.9499999999999
2987815,103468,3611,Windows,0,129.299,1,0.0,1.0,0,1,1.0,129.299
2987816,103486,11106,,0,714.72,1,0.0,,0,1,0.0,714.7200000000005
2987817,103590,12396,,0,254.0,1,1.0,,2,1,0.0,254.0
2987818,103597,2255,,0,12.0,1,1.0,,1,1,0.0,12.0
2987819,103662,9633,,0,90.993,1,1.0,,1,1,0.0,90.993
2987820,103688,2884,Windows,0,80.963,1,0.0,2.0,0,1,1.0,80.963
2987821,103698,10486,MacOS,0,400.0,1,0.0,1.0,0,1,1.0,400.00000000000006
2987822,103751,1974,,0,100.0,1,1.0,,1,1,0.0,100.0
2987823,103778,4742,,0,100.0,1,0.0,,0,1,0.0,100.0
2987824,103796,17489,,0,554.0,1,1.0,,1,1,0.0,554.0
2987825,103797,3887,Ilium L910 Build/MRA58K,0,44.892,1,1.0,1.0,1,1,1.0,44.892
2987826,103821,2455,,0,824.95,1,1.0,,1,1,0.0,824.95
2987827,103881,4478,,0,42.05,1,0.0,,0,1,0.0,42.05
2987828,103881,13413,Windows,0,64.649,1,1.0,2.0,4,1,1.0,64.64899999999997
2987829,104084,10893,Windows,0,50.0,1,0.0,2.0,0,1,1.0,50.0
2987830,104183,10447,,0,60.0,1,0.0,,0,1,0.0,60.0
2987831,104213,6019,iOS Device,0,125.0,1,0.0,1.0,0,1,1.0,125.0
2987832,104239,12839,,0,160.5,1,1.0,,5,1,0.0,160.5
2987833,104320,7815,,0,44.5,1,0.0,,0,1,0.0,44.5
2987834,104333,6730,Windows,0,20.0,1,0.0,2.0,0,1,1.0,20.0
2987835,104621,15885,,0,25.86,1,1.0,,4,1,2.0,25.859999999999957
2987836,104656,4653,,0,482.95,1,1.0,,1,1,0.0,482.95
2987837,104765,13832,SM-J700M Build/MMB29K,0,41.811,1,1.0,1.0,2,1,1.0,41.811
2987838,104951,2801,Windows,0,51.357,1,0.0,1.0,0,1,1.0,51.357
2987839,104966,2884,Windows,0,80.963,1,1.0,2.0,1,1,1.0,80.963
2987840,105271,4571,,0,117.0,1,1.0,,1,1,0.0,117.0
2987841,105324,15066,,0,226.0,1,1.0,,1,1,1.0,225.99999999999983
2987842,105340,14278,,0,1285.5,1,1.0,,1,1,0.0,1285.5
2987843,105504,7919,,0,117.0,1,1.0,,2,1,0.0,117.0
2987844,105515,10086,Windows,0,21.389,1,0.0,1.0,0,1,1.0,21.389
2987845,105527,1556,,0,42.95,1,1.0,,2,1,0.0,42.95
2987846,105537,6170,,0,554.0,1,1.0,,1,1,0.0,554.0
2987847,105593,6019,MacOS,0,200.0,1,0.0,1.0,0,1,2.0,200.0
2987848,105654,8755,GT-I9300,0,54.015,1,1.0,1.0,4,1,1.0,54.01500000000001
2987849,105659,2801,Windows,0,42.294,1,0.0,2.0,0,1,1.0,42.294
2987850,105691,5645,Windows,0,100.0,1,0.0,3.0,0,1,1.0,100.0
2987851,105725,15066,,0,213.0,1,1.0,,2,1,0.0,212.99999999999983
2987852,105790,18261,,0,289.95,1,1.0,,1,1,0.0,289.95
2987853,105796,2884,Windows,0,80.963,1,0.0,4.0,0,1,1.0,80.963
2987854,105839,8755,Windows,0,118.423,2,1.0,4.0,0,1,2.0,172.43800000000002
2987855,105877,2616,iOS Device,0,75.0,1,0.0,1.0,0,1,1.0,75.0
2987856,105878,15813,,0,57.95,1,1.0,,2,1,0.0,57.950000000000045
2987857,105883,15885,LG-H420 Build/LRX21Y,0,19.999,1,1.0,1.0,5,1,2.0,19.998999999999953
2987858,105895,15497,,0,57.95,1,1.0,,4,1,0.0,57.949999999999875
2987859,106010,2803,,0,280.0,1,1.0,,3,1,0.0,280.0
2987860,106074,15497,,0,47.95,2,2.0,,5,1,0.0,105.89999999999988
2987861,106129,4436,,0,100.0,1,0.0,,0,1,0.0,100.0
2987862,106172,3821,Windows,0,50.0,1,0.0,1.0,0,1,1.0,50.0
2987863,106260,12501,,0,40.0,1,1.0,,2,1,0.0,40.0
2987864,106297,9400,,0,49.0,1,1.0,,2,1,0.0,49.0
2987865,106358,4806,,0,226.0,1,1.0,,1,1,0.0,226.0
2987866,106361,5962,,0,57.95,1,0.0,,0,1,0.0,57.95
2987867,106424,4436,,0,107.95,2,0.0,,0,1,0.0,207.95
2987868,106499,3154,,0,12.024,1,0.0,,0,1,0.0,12.023999999999997
2987869,106603,9026,Windows NT 6.2,1,83.38,1,0.0,1.0,0,1,1.0,83.38000000000002
2987870,106613,10313,,0,57.95,1,1.0,,1,1,0.0,57.95
2987871,106619,5291,,0,49.0,1,1.0,,1,1,0.0,49.0
2987872,106633,15257,XT1032 Build/LPBS23.13-56-2,0,37.46,1,1.0,1.0,1,1,1.0,37.46000000000001
2987873,106704,12883,Windows,0,25.0,1,0.0,1.0,0,1,1.0,25.0
2987874,106729,2781,,0,265.0,1,1.0,,2,1,0.0,265.0
2987875,106739,10616,,0,57.95,1,1.0,,1,1,0.0,57.95
2987876,106758,15651,,0,57.95,1,1.0,,4,1,0.0,57.94999999999999
2987877,106763,16232,,0,59.0,1,1.0,,2,1,0.0,59.0
2987878,106768,7508,,0,265.01,1,1.0,,3,1,0.0,265.0100000000002
2987879,107050,17442,,0,40.0,1,1.0,,1,1,0.0,40.0
2987880,107092,6730,,0,57.95,1,1.0,,1,1,1.0,57.95
2987881,107171,15885,,0,6.888,1,1.0,,6,1,1.0,6.887999999999952
2987882,107187,7919,,0,418.0,1,1.0,,3,1,0.0,418.0
2987883,107193,16160,,0,16.95,1,1.0,,1,1,0.0,16.95
2987884,107214,17188,,0,48.95,1,0.0,,0,1,0.0,48.94999999999999
2987885,107261,15885,GT-I9060M Build/KTU84P,0,43.986,2,2.0,1.0,7,1,2.0,50.87399999999995
2987886,107538,5812,,0,36.373,1,1.0,,1,1,0.0,36.37299999999998
2987887,107595,4461,,0,50.149,1,1.0,,5,1,0.0,50.14900000000001
2987888,107689,4436,,0,403.0,1,0.0,,0,1,0.0,403.00000000000006
2987889,107740,14785,,0,211.4,1,1.0,,1,1,0.0,211.4
2987890,107741,4806,,0,226.0,1,1.0,,2,1,0.0,226.0
2987891,107795,1744,,0,25.0,1,1.0,,1,1,0.0,25.0
2987892,107796,2893,,0,77.0,1,1.0,,2,1,0.0,77.0
2987893,107797,15885,,0,109.36,1,1.0,,8,1,2.0,109.35999999999996
2987894,107808,2781,,0,280.0,1,1.0,,3,1,0.0,280.0
2987895,107849,16062,Trident/7.0,0,16.012,1,0.0,1.0,0,1,1.0,16.012
2987896,107900,16070,,0,57.95,1,0.0,,0,1,0.0,57.95
2987897,107997,4806,,0,207.95,2,1.0,,0,1,0.0,433.95
2987898,107998,2772,,0,171.0,1,1.0,,2,1,0.0,171.0
2987899,108037,9456,,0,47.95,1,1.0,,1,1,0.0,47.95
2987900,108061,5365,Trident/7.0,0,16.012,1,0.0,2.0,0,1,1.0,16.011999999999993
2987901,108127,16062,,0,59.574,2,1.0,,1,1,1.0,75.586
2987902,108197,13526,,0,48.95,1,1.0,,1,1,0.0,48.95
2987903,108226,7664,,0,107.95,1,0.0,,0,1,0.0,107.94999999999999
2987904,108229,4806,,0,57.95,2,0.0,,0,1,0.0,265.9
2987905,108460,11839,,0,291.95,1,1.0,,2,1,0.0,291.9499999999998
2987906,108490,7919,,0,153.0,1,1.0,,4,1,0.0,153.0
2987907,108545,6019,iOS Device,0,50.0,1,0.0,1.0,0,1,2.0,50.0
2987908,108550,6530,,0,80.0,1,1.0,,1,1,0.0,79.99999999999999
2987909,108584,16132,,0,107.95,1,0.0,,0,1,0.0,107.95000000000005
2987910,108600,14290,,0,70.0,1,0.0,,0,1,0.0,70.0
2987911,108603,11371,,0,450.0,1,0.0,,0,1,0.0,450.0
2987912,108654,15885,,0,83.198,1,0.0,,0,1,2.0,83.19799999999994
2987913,108692,7919,,0,100.0,2,2.0,,5,1,0.0,253.0
2987914,108712,7919,,0,160.0,3,3.0,,6,2,0.0,413.0
2987915,108739,8695,,0,822.47,1,1.0,,1,1,0.0,822.47
2987916,108749,2512,,0,325.0,1,1.0,,1,1,0.0,325.0
2987917,108757,15885,,0,83.198,2,0.0,,0,1,2.0,166.39599999999993
2987918,108789,7919,,0,123.5,4,4.0,,7,1,0.0,536.5
2987919,108808,1556,,0,42.95,1,1.0,,3,1,0.0,42.95
2987920,108821,7919,,0,171.0,4,4.0,,8,2,0.0,554.5
2987921,108836,7919,,0,75.95,5,5.0,,9,3,0.0,630.45
2987922,108862,7919,,0,105.95,6,6.0,,10,4,0.0,736.4000000000001
2987923,108912,5033,,1,774.0,1,1.0,,4,1,0.0,774.0
2987924,108941,11371,,0,488.0,1,1.0,,1,1,0.0,488.0
2987925,108949,7919,,0,240.0,7,7.0,,11,1,0.0,976.4000000000001
2987926,108958,4461,,0,23.926,1,0.0,,0,1,0.0,23.926000000000002
2987927,109043,7919,,0,117.0,6,6.0,,12,1,0.0,833.4000000000001
2987928,109058,5365,Trident/7.0,0,16.918,1,0.0,1.0,0,1,1.0,16.917999999999992
2987929,109088,13832,Windows,0,18.67,1,1.0,1.0,3,1,1.0,18.67
2987930,109096,7919,,0,305.0,6,6.0,,13,2,0.0,1014.9000000000001
2987931,109114,7919,,0,265.0,7,7.0,,14,3,0.0,1279.9
2987932,109129,4461,,0,23.926,2,0.0,,0,1,0.0,47.852000000000004
2987933,109146,7919,,0,113.0,6,6.0,,15,4,0.0,1145.95
2987934,109153,7919,,0,105.95,7,7.0,,16,5,0.0,1251.9
2987935,109182,7919,,0,35.95,7,7.0,,17,6,0.0,1181.9
2987936,109183,7919,,0,77.0,8,8.0,,18,7,0.0,1258.9
2987937,109188,18227,,0,300.0,1,1.0,,1,1,0.0,300.0
2987938,109202,17043,iOS Device,0,15.0,1,0.0,1.0,0,1,1.0,15.0
2987939,109217,7664,,0,46.95,1,0.0,,0,1,0.0,46.949999999999974
2987940,109228,9323,,0,600.0,1,0.0,,0,1,0.0,600.0
2987941,109231,7919,,0,50.0,9,9.0,,19,8,0.0,1308.9
2987942,109231,7919,,0,226.0,10,10.0,,20,9,0.0,1534.9
2987943,109275,7919,,0,50.0,10,10.0,,21,10,0.0,1344.9
2987944,109289,7919,,0,164.95,11,11.0,,22,11,0.0,1509.8500000000001
2987945,109289,7919,,0,68.95,12,12.0,,23,12,0.0,1578.8000000000002
2987946,109346,7919,,0,408.5,12,12.0,,24,13,0.0,1870.3000000000002
2987947,109367,7919,,0,171.0,13,13.0,,25,14,0.0,2041.3000000000002
2987948,109373,17966,,0,100.0,1,0.0,,0,1,0.0,100.0
2987949,109414,12741,,0,30.0,1,1.0,,4,1,0.0,30.0
2987950,109417,6459,,0,100.0,1,1.0,,2,1,0.0,100.0
2987951,109435,4998,Windows,0,14.138,1,0.0,1.0,0,1,1.0,14.138000000000005
2987952,109503,7919,,0,107.95,8,8.0,,26,1,0.0,1247.35
2987953,109549,1991,,0,47.95,1,1.0,,1,1,0.0,47.95
2987954,109559,7919,,0,179.95,7,7.0,,27,2,0.0,1151.3
2987955,109565,11371,,0,450.0,1,0.0,,0,1,0.0,450.0
2987956,109567,7919,,0,226.0,8,8.0,,28,3,0.0,1377.3
2987957,109597,15885,rv:38.0,0,39.394,1,1.0,1.0,1,1,2.0,39.39399999999995
2987958,109625,7919,,0,60.0,6,6.0,,29,4,0.0,1153.3999999999999
2987959,109658,7919,,0,73.97,6,6.0,,30,5,0.0,818.8699999999999
2987960,109730,6530,,0,97.0,1,1.0,,2,1,0.0,97.0
2987961,109837,7919,,0,226.0,5,5.0,,31,1,0.0,765.9199999999998
2987962,110015,7585,,0,250.0,1,1.0,,1,1,0.0,250.0
2987963,110021,7919,,0,59.0,2,2.0,,32,1,0.0,284.9999999999998
2987964,110113,9633,Moto G (4) Build/NPJS25.93-14-10,0,25.86,1,1.0,1.0,2,1,1.0,25.86
2987965,110162,6021,iOS Device,0,35.0,1,0.0,1.0,0,1,1.0,35.0
2987966,110286,12695,,0,117.0,1,1.0,,5,1,0.0,117.0
2987967,110298,7919,,0,365.0,2,2.0,,33,1,0.0,423.9999999999998
2987968,110299,15885,,0,14.138,1,1.0,,2,1,2.0,14.137999999999948
2987969,110372,16560,iOS Device,0,15.0,1,0.0,2.0,0,1,1.0,15.0
2987970,110503,7919,,0,250.0,2,1.0,,0,1,0.0,614.9999999999998
2987971,110519,14634,,0,44.95,1,1.0,,2,1,0.0,44.95
2987972,110578,3867,,0,88.938,1,0.0,,0,1,0.0,88.938
2987973,110598,6697,,0,1473.95,1,0.0,,0,1,0.0,1473.95
2987974,110681,14634,,0,34.95,2,1.0,,0,1,0.0,79.9
2987975,110697,7919,,0,67.95,2,0.0,,0,1,0.0,317.9499999999998
2987976,110826,7919,,0,36.95,2,1.0,,1,1,0.0,104.8999999999998
2987977,110866,9323,,0,400.0,1,0.0,,0,1,0.0,400.0
2987978,110899,7919,,0,57.95,3,1.0,,0,1,0.0,162.8499999999998
2987979,110914,10112,,0,117.0,1,1.0,,6,1,0.0,116.99999999999999
2987980,110936,7919,,0,46.95,4,1.0,,0,2,0.0,209.79999999999978
2987981,110950,12741,,0,30.0,1,1.0,,5,1,0.0,30.0
2987982,111140,3638,,0,150.0,1,0.0,,0,1,0.0,150.0
2987983,111155,12741,,0,31.0,2,2.0,,6,1,0.0,61.0
2987984,111196,7919,,0,70.0,3,1.0,,1,1,0.0,174.8999999999998
2987985,111254,7919,,0,445.0,2,2.0,,2,2,0.0,514.9999999999998
2987986,111349,10112,,0,117.0,1,1.0,,7,1,0.0,117.0
2987987,111503,15205,,0,300.0,1,0.0,,0,1,0.0,300.0
2987988,111528,15165,,0,57.95,1,1.0,,1,1,0.0,57.95
2987989,111599,3867,Windows,0,88.938,1,1.0,1.0,1,1,1.0,88.938
2987990,111717,15205,,0,335.0,2,0.0,,0,1,0.0,635.0
2987991,111759,7919,,0,82.95,1,1.0,,3,1,0.0,82.94999999999982
2987992,111825,7919,,0,20.0,2,1.0,,0,1,0.0,102.94999999999982
2987993,111885,12469,,0,27.95,1,1.0,,5,1,0.0,27.950000000000003
2987994,111918,7919,,0,20.0,3,2.0,,1,1,0.0,122.94999999999982
2987995,112040,2803,,0,57.95,1,1.0,,4,1,0.0,57.94999999999999
2987996,112070,7815,,0,100.0,1,1.0,,1,1,0.0,100.0
2987997,112095,1556,,0,36.0,1,1.0,,4,1,0.0,36.0
2987998,112125,7585,,0,800.0,1,1.0,,2,1,0.0,800.0
2987999,112151,9323,,0,400.0,1,0.0,,0,1,0.0,400.0
